game_id,game_date,season,game_type,home_team,away_team,home_win_prob,away_win_prob,predicted_winner,rationale,home_starter_name,home_starter_status,away_starter_name,away_starter_status,market_home_prob,home_odds,away_odds,home_ev,away_ev,bet_home_prob,prob_source,odds_source,commence_time,best_home_odds,best_home_book,best_away_odds,best_away_book,is_value_bet,value_team,value_odds,value_ev,value_stake,shop_team,shop_odds,shop_book,shop_ev,close_home_odds,close_away_odds,close_home_prob,close_at,home_score,away_score,actual_home_win,correct,value_bet_correct,shop_bet_correct,logged_at,resolved_at
2026020022,2026-10-03,20262027,2,BUF,CHI,0.7069,0.2931,BUF,"Over the longer run BUF has been the stronger team (rating edge alone makes them 83%). BUF has been controlling play, taking 52% of shots lately vs 47% for CHI.",Ukko-Pekka Luukkonen,unconfirmed,Spencer Knight,unconfirmed,0.6704377766847024,-230.0,190.0,0.0142,-0.15,0.7069,model,historical,2026-10-03T23:10:00+00:00,-226.0,mybookieag,200.0,lowvig,True,BUF,-230.0,0.0142,0.0082,,,,,-231.0,196.5,0.6753,2026-10-03T23:10:00+00:00,4.0,3.0,1.0,1.0,,,2026-10-03T10:38:29+00:00,2026-10-04T18:09:05+00:00
2026020023,2026-10-03,20262027,2,TOR,OTT,0.3945,0.6055,OTT,"Over the longer run OTT has been the stronger team (rating edge alone makes them 64%). OTT has been controlling play, taking 52% of shots lately vs 38% for TOR.",Anthony Stolarz,unconfirmed,Linus Ullmark,unconfirmed,0.5217391304347826,-120.0,100.0,-0.2767,0.211,0.3945,model,historical,2026-10-03T23:10:00+00:00,-117.0,bovada,105.0,lowvig,True,OTT,100.0,0.211,0.03,,,,,-110.0,-106.5,0.5061,2026-10-03T23:10:00+00:00,2.0,3.0,0.0,1.0,,,2026-10-03T10:38:29+00:00,2026-10-04T18:09:05+00:00
2026020024,2026-10-03,20262027,2,TBL,WSH,0.5921,0.4079,TBL,"WSH is on the second night of a back-to-back. TBL has been controlling play, taking 51% of shots lately vs 48% for WSH.",Andrei Vasilevskiy,unconfirmed,Charlie Lindgren,confirmed,0.5940252776713902,-160.0,136.0,-0.0378,-0.0374,0.5921,model,historical,2026-10-03T23:10:00+00:00,-150.0,bovada,141.0,lowvig,False,,,,,,,,,-200.0,169.0,0.6429,2026-10-03T23:10:00+00:00,3.0,1.0,1.0,1.0,,,2026-10-03T10:38:29+00:00,2026-10-04T18:09:05+00:00
2026020025,2026-10-03,20262027,2,PHI,CAR,0.4809,0.5191,CAR,"CAR has been controlling play, taking 56% of shots lately vs 51% for PHI. Over the longer run CAR has been the stronger team (rating edge alone makes them 51%). In PHI's favour: CAR is on the second night of a back-to-back.",Joseph Woll,unconfirmed,Brandon Bussi,unconfirmed,0.4572564612326044,110.0,-130.0,0.0099,-0.0816,0.4809,model,historical,2026-10-03T23:10:00+00:00,115.0,betonlineag,-128.0,mybookieag,True,PHI,110.0,0.0099,0.0022,,,,,114.5,-135.0,0.4476,2026-10-03T23:10:00+00:00,2.0,3.0,0.0,1.0,,,2026-10-03T10:38:29+00:00,2026-10-04T18:09:05+00:00
2026020026,2026-10-03,20262027,2,PIT,MTL,0.4755,0.5245,MTL,Over the longer run MTL has been the stronger team (rating edge alone makes them 55%). MTL has been winning more faceoffs (18% vs 18%).,Arturs Silovs,unconfirmed,Jakub Dobes,unconfirmed,0.4621711865787116,107.0,-127.0,-0.0157,-0.0625,0.4755,model,historical,2026-10-03T23:10:00+00:00,110.0,draftkings,-125.0,lowvig,False,,,,,,,,,-107.0,-112.0,0.4957,2026-10-03T23:10:00+00:00,6.0,5.0,1.0,0.0,,,2026-10-03T10:38:29+00:00,2026-10-04T18:09:05+00:00
2026020027,2026-10-03,20262027,2,CBJ,UTA,0.4918,0.5082,UTA,"UTA has been controlling play, taking 53% of shots lately vs 49% for CBJ. UTA has been winning more faceoffs (18% vs 17%).",Jet Greaves,unconfirmed,Karel Vejmelka,unconfirmed,0.4957295981551863,-107.0,-112.0,-0.0486,-0.0381,0.4918,model,historical,2026-10-03T23:10:00+00:00,-103.0,bovada,-107.0,lowvig,False,,,,,,,,,-105.0,-114.0,0.4913,2026-10-03T23:10:00+00:00,1.0,4.0,0.0,1.0,,,2026-10-03T10:38:29+00:00,2026-10-04T18:09:05+00:00
2026020028,2026-10-03,20262027,2,EDM,SEA,0.7647,0.2353,EDM,"EDM has been controlling play, taking 56% of shots lately vs 47% for SEA. Over the longer run EDM has been the stronger team (rating edge alone makes them 69%).",Devon Levi,unconfirmed,Joey Daccord,unconfirmed,0.6470588235294118,-210.0,175.0,0.1288,-0.3529,0.7647,model,historical,2026-10-03T23:10:00+00:00,-200.0,lowvig,180.0,draftkings,True,EDM,-210.0,0.1288,0.03,,,,,-205.0,170.0,0.6447,2026-10-03T23:10:00+00:00,3.0,1.0,1.0,1.0,,,2026-10-03T10:38:29+00:00,2026-10-04T18:09:05+00:00
2026020029,2026-10-03,20262027,2,NYI,NJD,0.6093,0.3907,NYI,NYI has won 86% of recent meetings between these teams. NYI is better rested (8 more days off).,Ilya Sorokin,confirmed,Jake Allen,unconfirmed,0.4556166535742341,110.0,-132.0,0.2795,-0.3133,0.6093,model,historical,2026-10-03T23:40:00+00:00,117.0,bovada,-129.0,betrivers,True,NYI,110.0,0.2795,0.03,,,,,115.0,-136.0,0.4459,2026-10-03T23:40:00+00:00,6.0,0.0,1.0,1.0,,,2026-10-03T10:38:29+00:00,2026-10-04T18:09:05+00:00
2026020030,2026-10-03,20262027,2,NSH,DAL,0.4972,0.5028,DAL,Over the longer run DAL has been the stronger team (rating edge alone makes them 57%). In NSH's favour: DAL is on the second night of a back-to-back.,Juuse Saros,unconfirmed,Jake Oettinger,unconfirmed,0.45524346687474,110.0,-130.0,0.0441,-0.1104,0.4972,model,historical,2026-10-04T00:10:00+00:00,115.0,lowvig,-125.0,betrivers,True,NSH,110.0,0.0441,0.01,,,,,120.0,-141.0,0.4356,2026-10-04T00:10:00+00:00,2.0,1.0,1.0,0.0,,,2026-10-03T10:38:29+00:00,2026-10-04T18:09:05+00:00
2026020031,2026-10-03,20262027,2,MIN,BOS,0.6327,0.3673,MIN,"BOS is on the second night of a back-to-back. MIN has been controlling play, taking 51% of shots lately vs 48% for BOS.",Jesper Wallstedt,unconfirmed,Jeremy Swayman,unconfirmed,0.6343512204763316,-196.0,162.0,-0.0445,-0.0377,0.6327,model,historical,2026-10-04T00:10:00+00:00,-192.0,draftkings,173.0,betonlineag,False,,,,,,,,,-212.5,179.0,0.6545,2026-10-04T00:10:00+00:00,4.0,1.0,1.0,1.0,,,2026-10-03T10:38:29+00:00,2026-10-04T18:09:05+00:00
2026020032,2026-10-03,20262027,2,COL,STL,0.7197,0.2803,COL,"COL has been controlling play, taking 57% of shots lately vs 47% for STL. STL is on the second night of a back-to-back.",Mackenzie Blackwood,unconfirmed,Jordan Binnington,likely,0.7113396016102997,-287.5,235.0,-0.03,-0.061,0.7197,model,historical,2026-10-04T01:10:00+00:00,-275.0,lowvig,240.0,draftkings,False,,,,,,,,,-296.5,240.0,0.718,2026-10-04T01:10:00+00:00,6.0,1.0,1.0,1.0,,,2026-10-03T10:38:29+00:00,2026-10-04T18:09:05+00:00
2026020033,2026-10-03,20262027,2,VAN,CGY,0.4716,0.5284,CGY,Over the longer run CGY has been the stronger team (rating edge alone makes them 57%).,Kevin Lankinen,unconfirmed,Dustin Wolf,unconfirmed,0.5067750677506776,-110.0,-105.0,-0.0997,0.0316,0.4716,model,historical,2026-10-04T02:10:00+00:00,-107.0,betrivers,-104.0,lowvig,True,CGY,-105.0,0.0316,0.0083,,,,,-110.0,-109.0,0.5,2026-10-04T02:10:00+00:00,4.0,1.0,1.0,0.0,,,2026-10-03T10:38:29+00:00,2026-10-04T18:09:05+00:00
2026020034,2026-10-03,20262027,2,SJS,LAK,0.4666,0.5334,LAK,"LAK has been controlling play, taking 53% of shots lately vs 46% for SJS. LAK is better rested (8 more days off).",Yaroslav Askarov,unconfirmed,Darcy Kuemper,unconfirmed,0.5173641257162701,-118.0,-102.0,-0.138,0.0563,0.4666,model,historical,2026-10-04T02:10:00+00:00,-110.0,betus,102.0,williamhill_us,True,LAK,-102.0,0.0563,0.0144,,,,,-110.0,-110.0,0.5,2026-10-04T02:10:00+00:00,5.0,4.0,1.0,0.0,,,2026-10-03T10:38:29+00:00,2026-10-04T18:09:05+00:00
2026020036,2026-10-04,20262027,2,NYR,UTA,0.5915,0.4085,NYR,"UTA is on the second night of a back-to-back. NYR has been winning more faceoffs (55% vs 50% over the last 10). In UTA's favour: UTA has been controlling play, taking 55% of shots lately vs 50% for NYR.",Igor Shesterkin,unconfirmed,Karel Vejmelka,unconfirmed,0.5324675324675325,-125.0,105.0,0.0647,-0.1626,0.5915,model,historical,2026-10-04T22:10:00+00:00,-119.0,lowvig,110.0,williamhill_us,True,NYR,-125.0,0.0647,0.0202,,,,,-118.0,100.0,0.5217,2026-10-04T22:10:00+00:00,4.0,2.0,1.0,True,,,2026-10-04T18:09:17+00:00,2026-10-05T17:15:39+00:00
2026020037,2026-10-04,20262027,2,ANA,FLA,0.6731,0.3269,ANA,"ANA has been controlling play, taking 57% of shots lately vs 49% for FLA. ANA has been winning more faceoffs (50% vs 44% over the last 10).",Lukas Dostal,unconfirmed,Jacob Markstrom,unconfirmed,0.4505024835393324,114.0,-134.0,0.4404,-0.4291,0.6731,model,historical,2026-10-05T00:10:00+00:00,115.0,betmgm,-130.0,lowvig,True,ANA,114.0,0.4404,0.03,,,,,120.5,-142.0,0.4346,2026-10-05T00:10:00+00:00,3.0,2.0,1.0,True,,,2026-10-04T18:09:17+00:00,2026-10-05T17:15:39+00:00
2026020038,2026-10-04,20262027,2,SEA,CGY,0.5575,0.4425,SEA,"SEA has been controlling play, taking 47% of shots lately vs 44% for CGY.",Joey Daccord,unconfirmed,Dustin Wolf,unconfirmed,0.5834290025256667,-154.0,130.0,-0.0805,0.0177,0.5575,model,historical,2026-10-05T00:10:00+00:00,-150.0,mybookieag,135.0,betmgm,True,CGY,130.0,0.0177,0.0034,,,,,-162.0,135.0,0.5923,2026-10-05T00:10:00+00:00,6.0,1.0,1.0,True,,,2026-10-04T18:09:17+00:00,2026-10-05T17:15:39+00:00
2026020039,2026-10-04,20262027,2,VAN,VGK,0.3284,0.6716,VGK,"Over the longer run VGK has been the stronger team (rating edge alone makes them 61%). VGK has been controlling play, taking 57% of shots lately vs 44% for VAN.",Kevin Lankinen,unconfirmed,Carter Hart,unconfirmed,0.288637194008038,230.0,-285.0,0.0837,-0.0928,0.3284,model,historical,2026-10-05T01:10:00+00:00,244.0,betonlineag,-278.0,betrivers,True,VAN,230.0,0.0837,0.0091,,,,,240.0,-290.0,0.2817,2026-10-05T01:10:00+00:00,2.0,3.0,0.0,True,,,2026-10-04T18:09:17+00:00,2026-10-05T17:15:39+00:00
2026020040,2026-10-05,20262027,2,TBL,PHI,0.4979,0.5021,PHI,"Recent form favours PHI: +1.0 goals a game over their last 10, vs -0.4 for TBL. PHI has won 70% of its recent road games, and TBL 70% at home. In TBL's favour: TBL has been controlling play, taking 51% of shots lately vs 48% for PHI.",Andrei Vasilevskiy,likely,Dan Vladar,confirmed,0.6581196581196581,-220.0,180.0,-0.2758,0.4059,0.4979,model,historical,2026-10-05T23:10:00+00:00,-209.0,williamhill_us,191.0,lowvig,True,PHI,180.0,0.4059,0.03,,,,,-222.5,185.0,0.6636,2026-10-05T23:10:00+00:00,4.0,1.0,1.0,False,,,2026-10-05T21:29:08+00:00,2026-10-06T08:56:23+00:00
2026020041,2026-10-05,20262027,2,BOS,OTT,0.4586,0.5414,OTT,"OTT has been controlling play, taking 52% of shots lately vs 47% for BOS. Recent form favours OTT: +1.3 goals a game over their last 10, vs +0.0 for BOS.",Jeremy Swayman,confirmed,Linus Ullmark,confirmed,0.4871712636305324,-104.0,-117.0,-0.1004,0.0041,0.4586,model,historical,2026-10-05T23:40:00+00:00,103.0,lowvig,-114.0,williamhill_us,True,OTT,-117.0,0.0041,0.0012,,,,,-102.0,-116.5,0.4826,2026-10-05T23:40:00+00:00,1.0,4.0,0.0,True,,,2026-10-05T21:29:08+00:00,2026-10-06T08:56:23+00:00
2026020042,2026-10-05,20262027,2,PIT,WPG,0.5975,0.4025,PIT,"WPG is on the second night of a back-to-back. Recent form favours PIT: +1.0 goals a game over their last 10, vs -1.4 for WPG.",Sergei Murashov,confirmed,Clay Stevenson,confirmed,0.6164383561643836,-180.0,150.0,-0.0706,0.0062,0.5975,model,historical,2026-10-05T23:40:00+00:00,-173.0,williamhill_us,155.0,betrivers,True,WPG,150.0,0.0062,0.001,,,,,-177.0,150.0,0.6162,2026-10-05T23:40:00+00:00,2.0,3.0,0.0,False,,,2026-10-05T21:29:08+00:00,2026-10-06T08:56:23+00:00
2026020043,2026-10-05,20262027,2,DAL,SJS,0.615,0.385,DAL,"Over the longer run DAL has been the stronger team (rating edge alone makes them 68%). DAL has been controlling play, taking 49% of shots lately vs 44% for SJS.",Jake Oettinger,confirmed,Yaroslav Askarov,confirmed,0.644729178800233,-200.0,170.0,-0.0775,0.0395,0.615,model,historical,2026-10-06T00:10:00+00:00,-190.0,betrivers,175.0,lowvig,True,SJS,170.0,0.0395,0.0058,,,,,-203.5,175.0,0.6476,2026-10-06T00:10:00+00:00,5.0,0.0,1.0,True,,,2026-10-05T21:29:08+00:00,2026-10-06T08:56:23+00:00
2026020044,2026-10-06,20262027,2,TOR,NSH,0.4616,0.5384,NSH,"NSH has been controlling play, taking 47% of shots lately vs 40% for TOR.",Sergei Bobrovsky,unconfirmed,Justus Annunen,unconfirmed,0.5832985326247997,-154.5,130.0,-0.2397,0.2384,,,,,,,,,True,NSH,130.0,0.2384,,,,,,,,,,5.0,4.0,1.0,False,False,,2026-10-06T08:56:39+00:00,2026-10-07T14:13:36+00:00
2026020045,2026-10-06,20262027,2,MTL,CAR,0.3916,0.6084,CAR,"CAR has been controlling play, taking 57% of shots lately vs 46% for MTL. Recent form favours CAR: +0.9 goals a game over their last 10, vs +0.1 for MTL.",Jakub Dobes,unconfirmed,Pyotr Kochetkov,unconfirmed,0.4782608695652174,100.0,-120.0,-0.2168,0.1154,0.3916,model,historical,2026-10-06T23:10:00+00:00,105.0,betonlineag,-113.0,betrivers,True,CAR,-120.0,0.1154,0.03,,,,,,,,,4.0,6.0,0.0,True,True,,2026-10-06T08:56:39+00:00,2026-10-07T14:13:36+00:00
2026020046,2026-10-06,20262027,2,DET,OTT,0.444,0.556,OTT,"Over the longer run OTT has been the stronger team (rating edge alone makes them 62%). OTT has been controlling play, taking 53% of shots lately vs 51% for DET.",John Gibson,unconfirmed,Samuel Ersson,unconfirmed,0.4988712299078923,-109.5,-110.0,-0.1505,0.0614,,,,,,,,,True,OTT,-110.0,0.0614,,,,,,,,,,5.0,3.0,1.0,False,False,,2026-10-06T08:56:39+00:00,2026-10-07T14:13:36+00:00
2026020047,2026-10-06,20262027,2,NJD,UTA,0.5343,0.4657,NJD,"NJD has won 100% of recent meetings between these teams. NJD is better rested (1 more day off). In UTA's favour: UTA has been controlling play, taking 55% of shots lately vs 52% for NJD.",Jake Allen,unconfirmed,Karel Vejmelka,unconfirmed,0.5416315994166341,-130.0,110.0,-0.0547,-0.022,0.5343,model,historical,2026-10-06T23:10:00+00:00,-125.0,betus,114.0,draftkings,False,,,,,,,,,,,,,3.0,5.0,0.0,False,,,2026-10-06T08:56:39+00:00,2026-10-07T14:13:36+00:00
2026020048,2026-10-06,20262027,2,NYR,NYI,0.5142,0.4858,NYR,"NYR's goaltending has been sharper over the last 10 games (.923 vs .868). Recent form favours NYR: +1.4 goals a game over their last 10, vs -0.6 for NYI. In NYI's favour: NYI has been controlling play, taking 53% of shots lately vs 49% for NYR.",Igor Shesterkin,unconfirmed,Ilya Sorokin,unconfirmed,0.5754275380437628,-150.0,126.5,-0.1431,0.1004,,,,,,,,,True,NYI,126.5,0.1004,,,,,,,,,,5.0,2.0,1.0,True,False,,2026-10-06T08:56:39+00:00,2026-10-07T14:13:36+00:00
2026020049,2026-10-06,20262027,2,BUF,MIN,0.5142,0.4858,BUF,"BUF has been controlling play, taking 54% of shots lately vs 51% for MIN. In MIN's favour: recent form favours MIN: +1.1 goals a game over their last 10, vs +0.4 for BUF.",Colten Ellis,likely,Jesper Wallstedt,unconfirmed,0.5,-108.5,-110.0,-0.012,-0.0725,,,,,,,,,False,,,,,,,,,,,,,3.0,2.0,1.0,True,,,2026-10-06T08:56:39+00:00,2026-10-07T14:13:36+00:00
2026020050,2026-10-06,20262027,2,CHI,STL,0.3908,0.6092,STL,"Over the longer run STL has been the stronger team (rating edge alone makes them 66%). STL has been controlling play, taking 47% of shots lately vs 46% for CHI.",Spencer Knight,unconfirmed,Joel Hofer,unconfirmed,0.44362292051756,115.0,-137.0,-0.1598,0.0539,0.3908,model,historical,2026-10-07T00:10:00+00:00,122.0,bovada,-130.0,betus,True,STL,-137.0,0.0539,0.0185,,,,,,,,,4.0,2.0,1.0,False,False,,2026-10-06T08:56:39+00:00,2026-10-07T14:13:36+00:00
2026020051,2026-10-06,20262027,2,SEA,VGK,0.4558,0.5442,VGK,"VGK has been controlling play, taking 58% of shots lately vs 47% for SEA.",Joey Daccord,unconfirmed,Carter Hart,unconfirmed,0.3929873692290826,145.0,-173.5,0.1168,-0.1422,,,,,,,,,True,SEA,145.0,0.1168,,,,,,,,,,2.0,6.0,0.0,True,False,,2026-10-06T08:56:39+00:00,2026-10-07T14:13:36+00:00
2026020052,2026-10-06,20262027,2,LAK,FLA,0.6171,0.3829,LAK,"LAK has been controlling play, taking 53% of shots lately vs 49% for FLA. LAK has been winning more faceoffs (54% vs 45% over the last 10).",Darcy Kuemper,unconfirmed,Jacob Markstrom,unconfirmed,0.4782608695652174,101.0,-120.0,0.2403,-0.298,,,,,,,,,True,LAK,101.0,0.2403,,,,,,-105.0,-115.0,0.4892,2026-10-07T01:48:30+00:00,1.0,2.0,0.0,False,False,,2026-10-06T08:56:39+00:00,2026-10-07T14:13:36+00:00
2026020053,2026-10-07,20262027,2,WSH,PIT,0.5277,0.4723,WSH,"WSH is better rested (2 more days off). Recent form favours WSH: +0.7 goals a game over their last 10, vs +0.4 for PIT.",Logan Thompson,unconfirmed,Sergei Murashov,unconfirmed,0.593369754159424,-160.0,135.0,-0.0328,-0.0487,0.5952,blend,live,2026-10-07T23:40:00+00:00,-155.0,betus,140.0,betonlineag,False,,,,,,,,,,,,,5.0,3.0,1.0,True,,,2026-10-07T14:13:47+00:00,2026-10-08T14:13:45+00:00
2026020054,2026-10-07,20262027,2,WPG,COL,0.4104,0.5896,COL,"Over the longer run COL has been the stronger team (rating edge alone makes them 61%). COL has been controlling play, taking 56% of shots lately vs 50% for WPG.",Stuart Skinner,unconfirmed,Scott Wedgewood,unconfirmed,0.3729573010015814,159.0,-190.0,-0.0188,-0.0519,0.3788,blend,live,2026-10-07T23:30:00+00:00,163.0,betrivers,-182.0,fanduel,False,,,,,,,,,,,,,3.0,2.0,1.0,False,,,2026-10-07T14:13:47+00:00,2026-10-08T14:13:45+00:00
2026020055,2026-10-07,20262027,2,ANA,EDM,0.4954,0.5046,EDM,"EDM is better rested (1 more day off). EDM has been controlling play, taking 57% of shots lately vs 56% for ANA.",Lukas Dostal,unconfirmed,Devon Levi,confirmed,0.4516676961087091,112.0,-134.0,-0.0231,-0.0584,0.4608,blend,live,2026-10-08T02:00:00+00:00,117.0,lowvig,-127.0,williamhill_us,False,,,,,,,,,,,,,2.0,5.0,0.0,True,,,2026-10-07T14:13:47+00:00,2026-10-08T14:13:45+00:00
2026020056,2026-10-08,20262027,2,BOS,UTA,0.5142,0.4858,BOS,"BOS is better rested (1 more day off). BOS has been winning more faceoffs (55% vs 49% over the last 10). In UTA's favour: UTA has been controlling play, taking 55% of shots lately vs 46% for BOS.",Jeremy Swayman,unconfirmed,Karel Vejmelka,unconfirmed,0.466321243523316,105.0,-126.0,-0.0235,-0.0608,0.4764,blend,live,2026-10-08T23:00:00+00:00,111.0,lowvig,-125.0,draftkings,False,,,,,,,,,,,,,6.0,1.0,1.0,True,,,2026-10-08T14:13:58+00:00,2026-10-09T14:13:42+00:00
2026020057,2026-10-08,20262027,2,BUF,DAL,0.4645,0.5355,DAL,"Recent form favours DAL: +0.7 goals a game over their last 10, vs +0.4 for BUF. DAL is better rested (1 more day off). In BUF's favour: BUF has been controlling play, taking 54% of shots lately vs 51% for DAL.",Ukko-Pekka Luukkonen,unconfirmed,Jake Oettinger,unconfirmed,0.4782608695652174,100.0,-120.0,-0.0356,-0.0507,0.4822,blend,live,2026-10-08T23:09:00+00:00,105.0,betonlineag,-117.0,williamhill_us,False,,,,,,,,,,,,,0.0,4.0,0.0,True,,,2026-10-08T14:13:58+00:00,2026-10-09T14:13:42+00:00
2026020058,2026-10-08,20262027,2,MTL,NSH,0.5841,0.4159,MTL,Over the longer run MTL has been the stronger team (rating edge alone makes them 71%). MTL has won 100% of recent meetings between these teams.,Jakub Dobes,unconfirmed,Juuse Saros,unconfirmed,0.6159669649002064,-176.0,150.0,-0.025,-0.0544,0.6218,blend,live,2026-10-08T23:10:00+00:00,-173.0,mybookieag,155.0,betrivers,False,,,,,,,,,,,,,2.0,5.0,0.0,False,,,2026-10-08T14:13:58+00:00,2026-10-09T14:13:42+00:00
2026020059,2026-10-08,20262027,2,OTT,PHI,0.5511,0.4489,OTT,"OTT has been controlling play, taking 52% of shots lately vs 44% for PHI. OTT has won 83% of recent meetings between these teams.",Linus Ullmark,unconfirmed,Joseph Woll,unconfirmed,0.6092362344582594,-175.0,145.0,-0.038,-0.0499,0.6122,blend,live,2026-10-08T23:10:00+00:00,-157.0,betrivers,155.0,betonlineag,False,,,,,,,,,,,,,2.0,1.0,1.0,True,,,2026-10-08T14:13:58+00:00,2026-10-09T14:13:42+00:00
2026020060,2026-10-08,20262027,2,TBL,MIN,0.5425,0.4575,TBL,"TBL has been controlling play, taking 53% of shots lately vs 50% for MIN. TBL is better rested (1 more day off).",Andrei Vasilevskiy,unconfirmed,Jesper Wallstedt,unconfirmed,0.5829926410466066,-152.0,130.0,-0.0266,-0.0504,0.5871,blend,live,2026-10-08T23:10:00+00:00,-145.0,betmgm,134.0,betonlineag,False,,,,,,,,,,,,,3.0,2.0,1.0,True,,,2026-10-08T14:13:58+00:00,2026-10-09T14:13:42+00:00
2026020061,2026-10-08,20262027,2,CAR,VAN,0.7247,0.2753,CAR,"CAR has been controlling play, taking 56% of shots lately vs 43% for VAN. Over the longer run CAR has been the stronger team (rating edge alone makes them 87%).",Pyotr Kochetkov,unconfirmed,Kevin Lankinen,unconfirmed,0.7446808510638298,-340.0,275.0,-0.0251,-0.0749,0.7533,blend,live,2026-10-08T23:10:00+00:00,-330.0,mybookieag,287.0,betonlineag,False,,,,,,,,,,,,,7.0,2.0,1.0,True,,,2026-10-08T14:13:58+00:00,2026-10-09T14:13:42+00:00
2026020062,2026-10-08,20262027,2,NYI,CHI,0.7068,0.2932,NYI,"Over the longer run NYI has been the stronger team (rating edge alone makes them 71%). NYI has been controlling play, taking 51% of shots lately vs 46% for CHI.",Ilya Sorokin,likely,Spencer Knight,unconfirmed,0.6238581407845244,-182.0,155.0,-0.0049,-0.0876,0.6422,blend,live,2026-10-08T23:40:00+00:00,-180.0,lowvig,165.0,betrivers,False,,,,,,,,,,,,,4.0,1.0,1.0,True,,,2026-10-08T14:13:58+00:00,2026-10-09T14:13:42+00:00
2026020063,2026-10-08,20262027,2,STL,SJS,0.5142,0.4858,STL,"STL has been controlling play, taking 47% of shots lately vs 43% for SJS. SJS is coming off a blowout loss.",Joel Hofer,unconfirmed,Yaroslav Askarov,unconfirmed,0.5813140803745097,-150.0,129.0,-0.0289,-0.0443,0.5827,blend,live,2026-10-09T00:10:00+00:00,-142.0,draftkings,133.0,betrivers,False,,,,,,,,,,,,,2.0,3.0,0.0,False,,,2026-10-08T14:13:58+00:00,2026-10-09T14:13:42+00:00
2026020064,2026-10-08,20262027,2,CGY,COL,0.3572,0.6428,COL,"Over the longer run COL has been the stronger team (rating edge alone makes them 67%). COL has been controlling play, taking 57% of shots lately vs 45% for CGY.",Devin Cooley,unconfirmed,Scott Wedgewood,unconfirmed,0.3194444444444444,200.0,-240.0,-0.0292,-0.0418,0.3236,blend,live,2026-10-09T01:10:00+00:00,208.0,lowvig,-235.0,williamhill_us,False,,,,,,,,,,,,,3.0,7.0,0.0,True,,,2026-10-08T14:13:58+00:00,2026-10-09T14:13:42+00:00
2026020065,2026-10-08,20262027,2,VGK,TOR,0.6899,0.3101,VGK,"VGK has been controlling play, taking 57% of shots lately vs 44% for TOR. Over the longer run VGK has been the stronger team (rating edge alone makes them 69%).",Carter Hart,unconfirmed,Sergei Bobrovsky,unconfirmed,0.6037569709421778,-170.0,142.0,-0.0121,-0.0852,0.622,blend,live,2026-10-09T02:10:00+00:00,-165.0,mybookieag,148.0,lowvig,False,,,,,,,,,,,,,4.0,3.0,1.0,True,,,2026-10-08T14:13:58+00:00,2026-10-09T14:13:42+00:00
2026020066,2026-10-09,20262027,2,DET,SEA,0.6392,0.3608,DET,"DET has been controlling play, taking 53% of shots lately vs 47% for SEA. DET has won 100% of recent meetings between these teams.",John Gibson,confirmed,Joey Daccord,unconfirmed,0.5642037302725968,-142.0,120.0,-0.0113,-0.0763,0.5801,blend,live,2026-10-09T23:10:00+00:00,-139.0,williamhill_us,127.0,bovada,False,,,,,,,,,,,,,3.0,6.0,0.0,False,,,2026-10-09T14:13:54+00:00,2026-10-10T14:13:32+00:00
2026020067,2026-10-09,20262027,2,WSH,NYR,0.5687,0.4313,WSH,Over the longer run WSH has been the stronger team (rating edge alone makes them 67%). WSH has won 71% of recent meetings between these teams.,Logan Thompson,unconfirmed,Igor Shesterkin,unconfirmed,0.5656028368794326,-142.0,120.0,-0.0221,-0.0624,0.5738,blend,live,2026-10-09T23:10:00+00:00,-139.0,williamhill_us,125.0,lowvig,False,,,,,,,,,,,,,3.0,1.0,1.0,True,,,2026-10-09T14:13:54+00:00,2026-10-10T14:13:32+00:00
2026020068,2026-10-09,20262027,2,CBJ,PIT,0.5277,0.4723,CBJ,"CBJ has been controlling play, taking 48% of shots lately vs 47% for PIT.",Jet Greaves,unconfirmed,Arturs Silovs,unconfirmed,0.5260865852617197,-121.0,102.0,-0.0264,-0.0568,0.5331,blend,live,2026-10-09T23:10:00+00:00,-120.0,lowvig,106.0,lowvig,False,,,,,,,,,,,,,3.0,2.0,1.0,True,,,2026-10-09T14:13:54+00:00,2026-10-10T14:13:32+00:00
2026020069,2026-10-09,20262027,2,WPG,ANA,0.4431,0.5569,ANA,"ANA has been controlling play, taking 56% of shots lately vs 48% for WPG.",Stuart Skinner,unconfirmed,Lukas Dostal,unconfirmed,0.5312533141027002,-121.0,105.0,-0.0339,-0.0343,0.5289,blend,live,2026-10-10T00:10:00+00:00,-117.0,bovada,107.0,lowvig,False,,,,,,,,,,,,,1.0,5.0,0.0,True,,,2026-10-09T14:13:54+00:00,2026-10-10T14:13:32+00:00
2026020070,2026-10-10,20262027,2,BOS,PHI,0.4613,0.5387,PHI,"PHI has been controlling play, taking 45% of shots lately vs 44% for BOS. Recent form favours PHI: +0.5 goals a game over their last 10, vs +0.0 for BOS.",Jeremy Swayman,unconfirmed,Dan Vladar,unconfirmed,0.552594002855783,-135.0,115.0,-0.0415,-0.0338,0.5506,blend,live,2026-10-10T17:10:00+00:00,-132.0,betonlineag,120.0,fanduel,False,,,,,,,,,,,,,,,,,,,2026-10-10T14:13:50+00:00,
2026020071,2026-10-10,20262027,2,NJD,VAN,0.8173,0.1827,NJD,"NJD has been controlling play, taking 52% of shots lately vs 42% for VAN. Over the longer run NJD has been the stronger team (rating edge alone makes them 76%).",Jake Allen,unconfirmed,Leevi Meriläinen,unconfirmed,0.7165697674418604,-295.0,240.0,-0.0107,-0.1121,0.7389,blend,live,2026-10-10T19:40:00+00:00,-285.0,draftkings,250.0,bovada,False,,,,,,,,,,,,,,,,,,,2026-10-10T14:13:50+00:00,
2026020072,2026-10-10,20262027,2,SJS,EDM,0.452,0.548,EDM,"EDM has been controlling play, taking 56% of shots lately vs 44% for SJS. EDM is better rested (1 more day off).",Alex Nedeljkovic,unconfirmed,Tristan Jarry,confirmed,0.41282175813501704,134.0,-155.0,-0.0167,-0.0461,0.4202,blend,live,2026-10-10T20:10:00+00:00,136.0,betonlineag,-154.0,williamhill_us,False,,,,,,,,,,,,,,,,,,,2026-10-10T14:13:50+00:00,
2026020073,2026-10-10,20262027,2,FLA,MIN,0.5142,0.4858,FLA,"FLA is better rested (2 more days off). MIN travelled about 1,300 miles to get here. In MIN's favour: MIN has been controlling play, taking 51% of shots lately vs 51% for FLA.",Jacob Markstrom,unconfirmed,Jesper Wallstedt,unconfirmed,0.5563770794824399,-136.0,115.0,-0.0289,-0.0532,0.5596,blend,live,2026-10-10T22:10:00+00:00,-135.0,draftkings,120.0,betonlineag,False,,,,,,,,,,,,,,,,,,,2026-10-10T14:13:50+00:00,
2026020074,2026-10-10,20262027,2,BUF,UTA,0.5839,0.4161,BUF,"Over the longer run BUF has been the stronger team (rating edge alone makes them 67%). BUF is coming off a blowout loss, which teams tend to answer.",Colten Ellis,unconfirmed,Karel Vejmelka,unconfirmed,0.5,-110.0,-110.0,-0.0169,-0.0741,0.515,blend,live,2026-10-10T23:10:00+00:00,-106.0,betonlineag,-108.0,draftkings,False,,,,,,,,,,,,,,,,,,,2026-10-10T14:13:50+00:00,
2026020075,2026-10-10,20262027,2,MTL,DET,0.6335,0.3665,MTL,"Over the longer run MTL has been the stronger team (rating edge alone makes them 72%). DET is on the second night of a back-to-back. In DET's favour: DET has been controlling play, taking 53% of shots lately vs 47% for MTL.",Jakub Dobes,unconfirmed,Daniil Tarasov,confirmed,0.653236459709379,-213.0,178.0,-0.0287,-0.0575,0.661,blend,live,2026-10-10T23:10:00+00:00,-205.0,betonlineag,185.0,betrivers,False,,,,,,,,,,,,,,,,,,,2026-10-10T14:13:50+00:00,
2026020076,2026-10-10,20262027,2,OTT,NSH,0.6351,0.3649,OTT,"Over the longer run OTT has been the stronger team (rating edge alone makes them 69%). OTT has been controlling play, taking 51% of shots lately vs 45% for NSH.",Linus Ullmark,unconfirmed,Juuse Saros,unconfirmed,0.593369754159424,-160.0,136.0,-0.0146,-0.0711,0.6064,blend,live,2026-10-10T23:10:00+00:00,-155.0,betmgm,140.0,betonlineag,False,,,,,,,,,,,,,,,,,,,2026-10-10T14:13:50+00:00,
2026020077,2026-10-10,20262027,2,PIT,DAL,0.4343,0.5657,DAL,"PIT is on the second night of a back-to-back. DAL has been controlling play, taking 50% of shots lately vs 46% for PIT.",Arturs Silovs,unconfirmed,Jake Oettinger,unconfirmed,0.3835616438356164,150.0,-179.0,-0.0221,-0.051,0.3911,blend,live,2026-10-10T23:10:00+00:00,160.0,bovada,-177.0,betonlineag,False,,,,,,,,,,,,,,,,,,,2026-10-10T14:13:50+00:00,
2026020078,2026-10-10,20262027,2,CHI,CAR,0.377,0.623,CAR,"Over the longer run CAR has been the stronger team (rating edge alone makes them 76%). CAR has been controlling play, taking 56% of shots lately vs 48% for CHI.",Spencer Knight,unconfirmed,Brandon Bussi,unconfirmed,0.3158617532616159,205.0,-250.0,-0.0172,-0.0511,0.3222,blend,live,2026-10-10T23:10:00+00:00,220.0,bovada,-238.0,betonlineag,False,,,,,,,,,,,,,,,,,,,2026-10-10T14:13:50+00:00,
2026020079,2026-10-10,20262027,2,STL,CBJ,0.5488,0.4512,STL,CBJ is on the second night of a back-to-back. Over the longer run STL has been the stronger team (rating edge alone makes them 58%).,Joel Hofer,unconfirmed,Jet Greaves,unconfirmed,0.5427435387673957,-130.0,110.0,-0.0257,-0.0564,0.5507,blend,live,2026-10-10T23:10:00+00:00,-125.0,betmgm,113.0,lowvig,False,,,,,,,,,,,,,,,,,,,2026-10-10T14:13:50+00:00,
2026020080,2026-10-10,20262027,2,COL,TOR,0.7575,0.2425,COL,"COL has been controlling play, taking 57% of shots lately vs 43% for TOR. Over the longer run COL has been the stronger team (rating edge alone makes them 80%).",Mackenzie Blackwood,unconfirmed,Anthony Stolarz,unconfirmed,0.6581196581196581,-218.0,180.0,-0.0092,-0.1017,0.6792,blend,live,2026-10-10T23:10:00+00:00,-205.0,betonlineag,190.0,betrivers,False,,,,,,,,,,,,,,,,,,,2026-10-10T14:13:50+00:00,
2026020081,2026-10-10,20262027,2,NYI,TBL,0.4649,0.5351,TBL,"Over the longer run TBL has been the stronger team (rating edge alone makes them 56%). TBL has been controlling play, taking 52% of shots lately vs 51% for NYI.",Ilya Sorokin,likely,Andrei Vasilevskiy,unconfirmed,0.39329934450109244,143.0,-174.0,-0.0199,-0.0604,0.4033,blend,live,2026-10-10T23:40:00+00:00,153.0,lowvig,-170.0,draftkings,False,,,,,,,,,,,,,,,,,,,2026-10-10T14:13:50+00:00,
2026020082,2026-10-10,20262027,2,CGY,ANA,0.5023,0.4977,CGY,"ANA is on the second night of a back-to-back. ANA travelled about 1,500 miles to get here. In ANA's favour: ANA has been controlling play, taking 57% of shots lately vs 47% for CGY.",Dustin Wolf,unconfirmed,L. Dostal,projected,0.4782608695652174,100.0,-120.0,-0.0276,-0.058,0.4862,blend,live,2026-10-11T02:10:00+00:00,108.0,betrivers,-118.0,fanduel,False,,,,,,,,,,,,,,,,,,,2026-10-10T14:13:50+00:00,
2026020083,2026-10-10,20262027,2,VGK,LAK,0.6175,0.3825,VGK,"Over the longer run VGK has been the stronger team (rating edge alone makes them 66%). VGK has been controlling play, taking 57% of shots lately vs 52% for LAK.",C. Hart,projected,A. Forsberg,projected,0.6010838476591901,-167.0,141.0,-0.0222,-0.0639,0.6116,blend,live,2026-10-11T02:10:00+00:00,-160.0,lowvig,147.0,bovada,False,,,,,,,,,,,,,,,,,,,2026-10-10T14:13:50+00:00,
